algorithm,data_size_mb,avg_cpu_time_ms,avg_memory_mb,peak_memory_mb,iterations
MD5,10.000031471252441,8.5984,0.0829,0.0859,100
SHA1,10.000031471252441,3.2892,0.0,0,100
SHA256,10.000031471252441,4.226,0.0018,0.0039,100
SHA512,10.000031471252441,7.3492,0.0,0,100
SHA3_256,10.000031471252441,13.7514,0.0,0,100
SHA3_512,10.000031471252441,27.8125,0.0,0,100
BLAKE2B,10.000031471252441,9.8476,0.0,0,100
