algorithm,key_size_bits,data_size_mb,avg_cpu_time_ms,avg_memory_mb,peak_memory_mb,iterations
AES-128,128,10.000031471252441,10.6283,40.1016,40.1016,100
AES-256,256,10.000031471252441,11.7216,30.0117,30.0117,100
DES,64,10.000031471252441,416.0938,30.0037,30.0117,100
3DES,192,10.000031471252441,414.8438,30.0117,30.0117,100
Blowfish,128,10.000031471252441,103.9062,30.0117,30.0117,100
